{
  "baseline": {
    "sw": 0.1,
    "up": 3.0,
    "er": 2.0,
    "rank_corrs": [
      0.2767793077527591,
      0.2475904980225206,
      0.28497822931785194,
      0.18590225670196947,
      0.11524752475247524
    ],
    "alphas": [
      0.019975182169342423,
      0.009844401100379659,
      0.013303022962600483,
      -0.004275302715984038,
      -0.008624986052011091
    ],
    "mean_rank_corr": 0.22209956330951525,
    "mean_alpha": 0.006044463492865487,
    "robust_rank_corr": 0.2084296271987043,
    "robust_alpha": 0.0025617838237462533
  },
  "best_rank_corr": {
    "sw": 0.0,
    "up": 1.0,
    "er": 0.5,
    "mean_rank_corr": 0.2935644693205017,
    "robust_rank_corr": 0.2951084550689822,
    "mean_alpha": 0.022279237653308435,
    "robust_alpha": 0.022761793608024328,
    "fold_rank_corrs": [
      0.2873885263265794,
      0.33480111847242866,
      0.3506531204644412,
      0.3074848318641116,
      0.1874947494749475
    ],
    "fold_alphas": [
      0.020349013834444887,
      0.012537488515929528,
      0.02606964812203231,
      -0.001106278945856548,
      0.053546316739992016
    ],
    "top5_picks": [
      [
        "NUE",
        "ANET",
        "SPG",
        "OKE",
        "COP"
      ],
      [
        "CPAY",
        "WELL",
        "VLO",
        "TKO",
        "AMAT"
      ],
      [
        "WMB",
        "ULTA",
        "WDC",
        "EME",
        "MPC"
      ],
      [
        "KIM",
        "VTR",
        "MS",
        "C",
        "DRI"
      ],
      [
        "PH",
        "AIG",
        "MAR",
        "GEV",
        "CRH"
      ]
    ]
  },
  "best_alpha": {
    "sw": 0.15,
    "up": 1.0,
    "er": 0.5,
    "mean_rank_corr": 0.2885579225155811,
    "robust_rank_corr": 0.28523912248708067,
    "mean_alpha": 0.026731137825585928,
    "robust_alpha": 0.028375826792358935,
    "fold_rank_corrs": [
      0.30183312262958284,
      0.33988966420636324,
      0.336377773170226,
      0.2712057042369,
      0.1934833483348335
    ],
    "fold_alphas": [
      0.020152381958493885,
      0.012537488515929528,
      0.026620369101333897,
      0.020799132812180293,
      0.053546316739992016
    ],
    "top5_picks": [
      [
        "RF",
        "SPG",
        "ANET",
        "OKE",
        "COP"
      ],
      [
        "AMAT",
        "CPAY",
        "WELL",
        "VLO",
        "TKO"
      ],
      [
        "HPE",
        "CBRE",
        "WDC",
        "EME",
        "MPC"
      ],
      [
        "FIX",
        "VTR",
        "C",
        "MS",
        "DRI"
      ],
      [
        "CRH",
        "PH",
        "AIG",
        "MAR",
        "GEV"
      ]
    ]
  },
  "grid_size": {
    "sw": 7,
    "up": 9,
    "er": 9,
    "total": 567
  },
  "top10_by_rank_corr": [
    {
      "sw": 0.0,
      "up": 1.0,
      "er": 0.5,
      "mean_rank_corr": 0.2935644693205017,
      "robust_rank_corr": 0.2951084550689822,
      "mean_alpha": 0.022279237653308435,
      "robust_alpha": 0.022761793608024328,
      "fold_rank_corrs": [
        0.2873885263265794,
        0.33480111847242866,
        0.3506531204644412,
        0.3074848318641116,
        0.1874947494749475
      ],
      "fold_alphas": [
        0.020349013834444887,
        0.012537488515929528,
        0.02606964812203231,
        -0.001106278945856548,
        0.053546316739992016
      ]
    },
    {
      "sw": 0.05,
      "up": 1.0,
      "er": 0.0,
      "mean_rank_corr": 0.2887517630641246,
      "robust_rank_corr": 0.2938184580584674,
      "mean_alpha": 0.019891197799809253,
      "robust_alpha": 0.023939379158050333,
      "fold_rank_corrs": [
        0.268484983086753,
        0.31888051993853445,
        0.32794940908148457,
        0.31857891671520094,
        0.20986498649864982
      ],
      "fold_alphas": [
        0.0036984723668449376,
        0.0036380216143800173,
        0.017774045465649,
        0.020799132812180293,
        0.053546316739992016
      ]
    },
    {
      "sw": 0.0,
      "up": 1.0,
      "er": 0.0,
      "mean_rank_corr": 0.28671973385572597,
      "robust_rank_corr": 0.2933797643572766,
      "mean_alpha": 0.019075335407169894,
      "robust_alpha": 0.022919551167251133,
      "fold_rank_corrs": [
        0.26007961184952333,
        0.31627075093835805,
        0.32390628239684843,
        0.31992468235972654,
        0.2134173417341734
      ],
      "fold_alphas": [
        0.0036984723668449376,
        0.012006634790931982,
        0.017774045465649,
        0.008351207672431533,
        0.053546316739992016
      ]
    },
    {
      "sw": 0.0,
      "up": 1.5,
      "er": 0.5,
      "mean_rank_corr": 0.2906796951797235,
      "robust_rank_corr": 0.29234387872112644,
      "mean_alpha": 0.022279237653308435,
      "robust_alpha": 0.022761793608024328,
      "fold_rank_corrs": [
        0.2840229610141115,
        0.32793913897775656,
        0.3505494505494506,
        0.30611644830959395,
        0.18477047704770477
      ],
      "fold_alphas": [
        0.020349013834444887,
        0.012537488515929528,
        0.02606964812203231,
        -0.001106278945856548,
        0.053546316739992016
      ]
    },
    {
      "sw": 0.05,
      "up": 1.5,
      "er": 0.0,
      "mean_rank_corr": 0.2846018922544647,
      "robust_rank_corr": 0.29010675763707494,
      "mean_alpha": 0.01885318630874977,
      "robust_alpha": 0.022641864794225974,
      "fold_rank_corrs": [
        0.26258243072402365,
        0.3138121268609719,
        0.3261144515861497,
        0.3150279048464527,
        0.20547254725472547
      ],
      "fold_alphas": [
        0.0036984723668449376,
        0.0036380216143800173,
        0.017774045465649,
        0.020799132812180293,
        0.04835625928469459
      ]
    },
    {
      "sw": 0.1,
      "up": 1.0,
      "er": 0.0,
      "mean_rank_corr": 0.2883254295066976,
      "robust_rank_corr": 0.29000753174960364,
      "mean_alpha": 0.02110431247692985,
      "robust_alpha": 0.02545577250445108,
      "fold_rank_corrs": [
        0.2815970205350737,
        0.3187293750157443,
        0.3191167323242795,
        0.30967876913333825,
        0.2125052505250525
      ],
      "fold_alphas": [
        0.0036984723668449376,
        0.0036380216143800173,
        0.025280097254048305,
        0.020799132812180293,
        0.052105838337195697
      ]
    },
    {
      "sw": 0.05,
      "up": 1.0,
      "er": 0.5,
      "mean_rank_corr": 0.2913838814229339,
      "robust_rank_corr": 0.2895318130319561,
      "mean_alpha": 0.02287002103966933,
      "robust_alpha": 0.023500272840975438,
      "fold_rank_corrs": [
        0.29879215498684525,
        0.33378340932564177,
        0.34153016794526225,
        0.294490842573692,
        0.1883228322832283
      ],
      "fold_alphas": [
        0.020349013834444887,
        0.012537488515929528,
        0.029023565053836763,
        -0.001106278945856548,
        0.053546316739992016
      ]
    },
    {
      "sw": 0.0,
      "up": 1.5,
      "er": 0.0,
      "mean_rank_corr": 0.2829739021083873,
      "robust_rank_corr": 0.2892292169083853,
      "mean_alpha": 0.019075335407169894,
      "robust_alpha": 0.022919551167251133,
      "fold_rank_corrs": [
        0.25795264290839515,
        0.3113938080963297,
        0.3229006842214389,
        0.31663377645588664,
        0.20598859885988596
      ],
      "fold_alphas": [
        0.0036984723668449376,
        0.012006634790931982,
        0.017774045465649,
        0.008351207672431533,
        0.053546316739992016
      ]
    },
    {
      "sw": 0.0,
      "up": 2.0,
      "er": 0.5,
      "mean_rank_corr": 0.28729242426670143,
      "robust_rank_corr": 0.28922025579208455,
      "mean_alpha": 0.022279237653308435,
      "robust_alpha": 0.022761793608024328,
      "fold_rank_corrs": [
        0.27958109816516896,
        0.3228405169156359,
        0.348299813394153,
        0.3039225110403674,
        0.1818181818181818
      ],