{
  "study_name": "stage1_nn_feat_6dims",
  "n_trials_total": 60,
  "n_trials_completed": 59,
  "n_trials_target": 60,
  "best_mean_rank_corr": 0.56165,
  "top_3_configs": [
    {
      "rank": 1,
      "trial_number": 58,
      "mean_rank_corr": 0.56165,
      "mean_alpha": 0.08677499999999999,
      "fold_rank_corrs": [
        0.6324,
        0.4297,
        0.6209,
        0.5636
      ],
      "fold_alphas": [
        0.0658,
        0.0704,
        0.08,
        0.1309
      ],
      "elapsed_sec": 5279.400730848312,
      "params": {
        "lr": 0.00024955280836145015,
        "weight_decay": 0.00016413025522015487,
        "huber_delta": 0.5,
        "architecture": "medium",
        "var_threshold": 0.001971224419059394,
        "corr_threshold": 0.0837536123288791
      }
    },
    {
      "rank": 2,
      "trial_number": 47,
      "mean_rank_corr": 0.5604,
      "mean_alpha": 0.07392499999999999,
      "fold_rank_corrs": [
        0.6315,
        0.4269,
        0.6133,
        0.5699
      ],
      "fold_alphas": [
        0.0744,
        0.0399,
        0.08,
        0.1014
      ],
      "elapsed_sec": 3183.191283941269,
      "params": {
        "lr": 0.0005942726611508404,
        "weight_decay": 7.216665800122393e-05,
        "huber_delta": 0.5,
        "architecture": "medium",
        "var_threshold": 0.001480222944088853,
        "corr_threshold": 0.07811825859324054
      }
    },
    {
      "rank": 3,
      "trial_number": 52,
      "mean_rank_corr": 0.559025,
      "mean_alpha": 0.085375,
      "fold_rank_corrs": [
        0.6313,
        0.4299,
        0.6165,
        0.5584
      ],
      "fold_alphas": [
        0.0818,
        0.0399,
        0.08,
        0.1398
      ],
      "elapsed_sec": 4454.15271115303,
      "params": {
        "lr": 0.00033106168639264943,
        "weight_decay": 9.215366764266858e-05,
        "huber_delta": 0.5,
        "architecture": "medium",
        "var_threshold": 0.0016445375099213206,
        "corr_threshold": 0.07828530221402238
      }
    }
  ],
  "stage1_settings": {
    "n_ensemble": 5,
    "fold_indices": [
      1,
      2,
      3,
      4
    ],
    "timeout_sec": 7200,
    "sampler_seed": 42
  }
}